Day,Date,Theme,Role,Daily Focus,Tasks (bullet),Deliverable
1,2026-01-16,Foundation,"Lead dev + infra (took over Munkundev assignments). Owns backend, integrations, deployment, and security hardening.","Set up repo, env templates, secrets policy, and local dev instructions","Set up repo, env templates, secrets policy, and local dev instructions • Close yesterday's open items; update tracker with status and links • End-of-day handoff: blockers, next actions, and ETA for open items",Code + PR link / deployment notes
2,2026-01-17,Foundation,"Lead dev + infra (took over Munkundev assignments). Owns backend, integrations, deployment, and security hardening.",Normalize database schema/migrations; run seed data,"Normalize database schema/migrations; run seed data • Close yesterday's open items; update tracker with status and links • End-of-day handoff: blockers, next actions, and ETA for open items",Code + PR link / deployment notes
3,2026-01-18,Foundation,"Lead dev + infra (took over Munkundev assignments). Owns backend, integrations, deployment, and security hardening.","Implement auth, roles, and admin permissions end-to-end","Implement auth, roles, and admin permissions end-to-end • Close yesterday's open items; update tracker with status and links • End-of-day handoff: blockers, next actions, and ETA for open items",Code + PR link / deployment notes
4,2026-01-19,Foundation,"Lead dev + infra (took over Munkundev assignments). Owns backend, integrations, deployment, and security hardening.","Set up CI pipeline (lint, tests) and Docker dev stack","Set up CI pipeline (lint, tests) and Docker dev stack • Close yesterday's open items; update tracker with status and links • End-of-day handoff: blockers, next actions, and ETA for open items",Code + PR link / deployment notes
5,2026-01-20,Foundation,"Lead dev + infra (took over Munkundev assignments). Owns backend, integrations, deployment, and security hardening.","Set up repo, env templates, secrets policy, and local dev instructions","Set up repo, env templates, secrets policy, and local dev instructions • Close yesterday's open items; update tracker with status and links • End-of-day handoff: blockers, next actions, and ETA for open items",Code + PR link / deployment notes
6,2026-01-21,Foundation,"Lead dev + infra (took over Munkundev assignments). Owns backend, integrations, deployment, and security hardening.",Normalize database schema/migrations; run seed data,"Normalize database schema/migrations; run seed data • Close yesterday's open items; update tracker with status and links • End-of-day handoff: blockers, next actions, and ETA for open items",Code + PR link / deployment notes
7,2026-01-22,Foundation,"Lead dev + infra (took over Munkundev assignments). Owns backend, integrations, deployment, and security hardening.","Implement auth, roles, and admin permissions end-to-end","Implement auth, roles, and admin permissions end-to-end • Close yesterday's open items; update tracker with status and links • End-of-day handoff: blockers, next actions, and ETA for open items",Code + PR link / deployment notes
8,2026-01-23,Foundation,"Lead dev + infra (took over Munkundev assignments). Owns backend, integrations, deployment, and security hardening.","Set up CI pipeline (lint, tests) and Docker dev stack","Set up CI pipeline (lint, tests) and Docker dev stack • Close yesterday's open items; update tracker with status and links • End-of-day handoff: blockers, next actions, and ETA for open items",Code + PR link / deployment notes
9,2026-01-24,Foundation,"Lead dev + infra (took over Munkundev assignments). Owns backend, integrations, deployment, and security hardening.","Set up repo, env templates, secrets policy, and local dev instructions","Set up repo, env templates, secrets policy, and local dev instructions • Close yesterday's open items; update tracker with status and links • End-of-day handoff: blockers, next actions, and ETA for open items",Code + PR link / deployment notes
10,2026-01-25,Foundation,"Lead dev + infra (took over Munkundev assignments). Owns backend, integrations, deployment, and security hardening.",Normalize database schema/migrations; run seed data,"Normalize database schema/migrations; run seed data • Close yesterday's open items; update tracker with status and links • End-of-day handoff: blockers, next actions, and ETA for open items",Code + PR link / deployment notes
11,2026-01-26,Foundation,"Lead dev + infra (took over Munkundev assignments). Owns backend, integrations, deployment, and security hardening.","Implement auth, roles, and admin permissions end-to-end","Implement auth, roles, and admin permissions end-to-end • Close yesterday's open items; update tracker with status and links • End-of-day handoff: blockers, next actions, and ETA for open items",Code + PR link / deployment notes
12,2026-01-27,Foundation,"Lead dev + infra (took over Munkundev assignments). Owns backend, integrations, deployment, and security hardening.","Set up CI pipeline (lint, tests) and Docker dev stack","Set up CI pipeline (lint, tests) and Docker dev stack • Close yesterday's open items; update tracker with status and links • End-of-day handoff: blockers, next actions, and ETA for open items",Code + PR link / deployment notes
13,2026-01-28,Foundation,"Lead dev + infra (took over Munkundev assignments). Owns backend, integrations, deployment, and security hardening.","Set up repo, env templates, secrets policy, and local dev instructions","Set up repo, env templates, secrets policy, and local dev instructions • Close yesterday's open items; update tracker with status and links • End-of-day handoff: blockers, next actions, and ETA for open items",Code + PR link / deployment notes
14,2026-01-29,Foundation,"Lead dev + infra (took over Munkundev assignments). Owns backend, integrations, deployment, and security hardening.",Normalize database schema/migrations; run seed data,"Normalize database schema/migrations; run seed data • Close yesterday's open items; update tracker with status and links • End-of-day handoff: blockers, next actions, and ETA for open items",Code + PR link / deployment notes
15,2026-01-30,Core Build,"Lead dev + infra (took over Munkundev assignments). Owns backend, integrations, deployment, and security hardening.","Implement campaign generator API (channels, CTAs, emotion angles, gifts)","Implement campaign generator API (channels, CTAs, emotion angles, gifts) • Close yesterday's open items; update tracker with status and links • End-of-day handoff: blockers, next actions, and ETA for open items",Code + PR link / deployment notes
16,2026-01-31,Core Build,"Lead dev + infra (took over Munkundev assignments). Owns backend, integrations, deployment, and security hardening.",Implement WhatsApp group suggestion engine and rules,"Implement WhatsApp group suggestion engine and rules • Close yesterday's open items; update tracker with status and links • End-of-day handoff: blockers, next actions, and ETA for open items",Code + PR link / deployment notes
17,2026-02-01,Core Build,"Lead dev + infra (took over Munkundev assignments). Owns backend, integrations, deployment, and security hardening.","Implement book submission pipeline (metadata, files, language, cover, status)","Implement book submission pipeline (metadata, files, language, cover, status) • Close yesterday's open items; update tracker with status and links • End-of-day handoff: blockers, next actions, and ETA for open items",Code + PR link / deployment notes
18,2026-02-02,Core Build,"Lead dev + infra (took over Munkundev assignments). Owns backend, integrations, deployment, and security hardening.",Implement keyword/hashtag generator service and store results,"Implement keyword/hashtag generator service and store results • Close yesterday's open items; update tracker with status and links • End-of-day handoff: blockers, next actions, and ETA for open items",Code + PR link / deployment notes
19,2026-02-03,Core Build,"Lead dev + infra (took over Munkundev assignments). Owns backend, integrations, deployment, and security hardening.","Implement campaign generator API (channels, CTAs, emotion angles, gifts)","Implement campaign generator API (channels, CTAs, emotion angles, gifts) • Close yesterday's open items; update tracker with status and links • End-of-day handoff: blockers, next actions, and ETA for open items",Code + PR link / deployment notes
20,2026-02-04,Core Build,"Lead dev + infra (took over Munkundev assignments). Owns backend, integrations, deployment, and security hardening.",Implement WhatsApp group suggestion engine and rules,"Implement WhatsApp group suggestion engine and rules • Close yesterday's open items; update tracker with status and links • End-of-day handoff: blockers, next actions, and ETA for open items",Code + PR link / deployment notes
21,2026-02-05,Core Build,"Lead dev + infra (took over Munkundev assignments). Owns backend, integrations, deployment, and security hardening.","Implement book submission pipeline (metadata, files, language, cover, status)","Implement book submission pipeline (metadata, files, language, cover, status) • Close yesterday's open items; update tracker with status and links • End-of-day handoff: blockers, next actions, and ETA for open items",Code + PR link / deployment notes
22,2026-02-06,Core Build,"Lead dev + infra (took over Munkundev assignments). Owns backend, integrations, deployment, and security hardening.",Implement keyword/hashtag generator service and store results,"Implement keyword/hashtag generator service and store results • Close yesterday's open items; update tracker with status and links • End-of-day handoff: blockers, next actions, and ETA for open items",Code + PR link / deployment notes
23,2026-02-07,Core Build,"Lead dev + infra (took over Munkundev assignments). Owns backend, integrations, deployment, and security hardening.","Implement campaign generator API (channels, CTAs, emotion angles, gifts)","Implement campaign generator API (channels, CTAs, emotion angles, gifts) • Close yesterday's open items; update tracker with status and links • End-of-day handoff: blockers, next actions, and ETA for open items",Code + PR link / deployment notes
24,2026-02-08,Core Build,"Lead dev + infra (took over Munkundev assignments). Owns backend, integrations, deployment, and security hardening.",Implement WhatsApp group suggestion engine and rules,"Implement WhatsApp group suggestion engine and rules • Close yesterday's open items; update tracker with status and links • End-of-day handoff: blockers, next actions, and ETA for open items",Code + PR link / deployment notes
25,2026-02-09,Core Build,"Lead dev + infra (took over Munkundev assignments). Owns backend, integrations, deployment, and security hardening.","Implement book submission pipeline (metadata, files, language, cover, status)","Implement book submission pipeline (metadata, files, language, cover, status) • Close yesterday's open items; update tracker with status and links • End-of-day handoff: blockers, next actions, and ETA for open items",Code + PR link / deployment notes
26,2026-02-10,Core Build,"Lead dev + infra (took over Munkundev assignments). Owns backend, integrations, deployment, and security hardening.",Implement keyword/hashtag generator service and store results,"Implement keyword/hashtag generator service and store results • Close yesterday's open items; update tracker with status and links • End-of-day handoff: blockers, next actions, and ETA for open items",Code + PR link / deployment notes
27,2026-02-11,Core Build,"Lead dev + infra (took over Munkundev assignments). Owns backend, integrations, deployment, and security hardening.","Implement campaign generator API (channels, CTAs, emotion angles, gifts)","Implement campaign generator API (channels, CTAs, emotion angles, gifts) • Close yesterday's open items; update tracker with status and links • End-of-day handoff: blockers, next actions, and ETA for open items",Code + PR link / deployment notes
28,2026-02-12,Core Build,"Lead dev + infra (took over Munkundev assignments). Owns backend, integrations, deployment, and security hardening.",Implement WhatsApp group suggestion engine and rules,"Implement WhatsApp group suggestion engine and rules • Close yesterday's open items; update tracker with status and links • End-of-day handoff: blockers, next actions, and ETA for open items",Code + PR link / deployment notes
29,2026-02-13,Core Build,"Lead dev + infra (took over Munkundev assignments). Owns backend, integrations, deployment, and security hardening.","Implement book submission pipeline (metadata, files, language, cover, status)","Implement book submission pipeline (metadata, files, language, cover, status) • Close yesterday's open items; update tracker with status and links • End-of-day handoff: blockers, next actions, and ETA for open items",Code + PR link / deployment notes
30,2026-02-14,Core Build,"Lead dev + infra (took over Munkundev assignments). Owns backend, integrations, deployment, and security hardening.",Implement keyword/hashtag generator service and store results,"Implement keyword/hashtag generator service and store results • Close yesterday's open items; update tracker with status and links • End-of-day handoff: blockers, next actions, and ETA for open items",Code + PR link / deployment notes
31,2026-02-15,Core Build,"Lead dev + infra (took over Munkundev assignments). Owns backend, integrations, deployment, and security hardening.","Implement campaign generator API (channels, CTAs, emotion angles, gifts)","Implement campaign generator API (channels, CTAs, emotion angles, gifts) • Close yesterday's open items; update tracker with status and links • End-of-day handoff: blockers, next actions, and ETA for open items",Code + PR link / deployment notes
32,2026-02-16,Core Build,"Lead dev + infra (took over Munkundev assignments). Owns backend, integrations, deployment, and security hardening.",Implement WhatsApp group suggestion engine and rules,"Implement WhatsApp group suggestion engine and rules • Close yesterday's open items; update tracker with status and links • End-of-day handoff: blockers, next actions, and ETA for open items",Code + PR link / deployment notes
33,2026-02-17,Core Build,"Lead dev + infra (took over Munkundev assignments). Owns backend, integrations, deployment, and security hardening.","Implement book submission pipeline (metadata, files, language, cover, status)","Implement book submission pipeline (metadata, files, language, cover, status) • Close yesterday's open items; update tracker with status and links • End-of-day handoff: blockers, next actions, and ETA for open items",Code + PR link / deployment notes
34,2026-02-18,Core Build,"Lead dev + infra (took over Munkundev assignments). Owns backend, integrations, deployment, and security hardening.",Implement keyword/hashtag generator service and store results,"Implement keyword/hashtag generator service and store results • Close yesterday's open items; update tracker with status and links • End-of-day handoff: blockers, next actions, and ETA for open items",Code + PR link / deployment notes
35,2026-02-19,Core Build,"Lead dev + infra (took over Munkundev assignments). Owns backend, integrations, deployment, and security hardening.","Implement campaign generator API (channels, CTAs, emotion angles, gifts)","Implement campaign generator API (channels, CTAs, emotion angles, gifts) • Close yesterday's open items; update tracker with status and links • End-of-day handoff: blockers, next actions, and ETA for open items",Code + PR link / deployment notes
36,2026-02-20,Growth Features,"Lead dev + infra (took over Munkundev assignments). Owns backend, integrations, deployment, and security hardening.","Add analytics events pipeline (page views, CTA clicks, conversion events)","Add analytics events pipeline (page views, CTA clicks, conversion events) • Close yesterday's open items; update tracker with status and links • End-of-day handoff: blockers, next actions, and ETA for open items",Code + PR link / deployment notes
37,2026-02-21,Growth Features,"Lead dev + infra (took over Munkundev assignments). Owns backend, integrations, deployment, and security hardening.","Implement hot books/hot authors rankings (signals, scoring, caching)","Implement hot books/hot authors rankings (signals, scoring, caching) • Close yesterday's open items; update tracker with status and links • End-of-day handoff: blockers, next actions, and ETA for open items",Code + PR link / deployment notes
38,2026-02-22,Growth Features,"Lead dev + infra (took over Munkundev assignments). Owns backend, integrations, deployment, and security hardening.","Implement viral widgets (share cards, copy-to-clipboard, embeddable badge)","Implement viral widgets (share cards, copy-to-clipboard, embeddable badge) • Close yesterday's open items; update tracker with status and links • End-of-day handoff: blockers, next actions, and ETA for open items",Code + PR link / deployment notes
39,2026-02-23,Growth Features,"Lead dev + infra (took over Munkundev assignments). Owns backend, integrations, deployment, and security hardening.",Implement notifications (email + in-app) and scheduling hooks,"Implement notifications (email + in-app) and scheduling hooks • Close yesterday's open items; update tracker with status and links • End-of-day handoff: blockers, next actions, and ETA for open items",Code + PR link / deployment notes
40,2026-02-24,Growth Features,"Lead dev + infra (took over Munkundev assignments). Owns backend, integrations, deployment, and security hardening.","Add analytics events pipeline (page views, CTA clicks, conversion events)","Add analytics events pipeline (page views, CTA clicks, conversion events) • Close yesterday's open items; update tracker with status and links • End-of-day handoff: blockers, next actions, and ETA for open items",Code + PR link / deployment notes
41,2026-02-25,Growth Features,"Lead dev + infra (took over Munkundev assignments). Owns backend, integrations, deployment, and security hardening.","Implement hot books/hot authors rankings (signals, scoring, caching)","Implement hot books/hot authors rankings (signals, scoring, caching) • Close yesterday's open items; update tracker with status and links • End-of-day handoff: blockers, next actions, and ETA for open items",Code + PR link / deployment notes
42,2026-02-26,Growth Features,"Lead dev + infra (took over Munkundev assignments). Owns backend, integrations, deployment, and security hardening.","Implement viral widgets (share cards, copy-to-clipboard, embeddable badge)","Implement viral widgets (share cards, copy-to-clipboard, embeddable badge) • Close yesterday's open items; update tracker with status and links • End-of-day handoff: blockers, next actions, and ETA for open items",Code + PR link / deployment notes
43,2026-02-27,Growth Features,"Lead dev + infra (took over Munkundev assignments). Owns backend, integrations, deployment, and security hardening.",Implement notifications (email + in-app) and scheduling hooks,"Implement notifications (email + in-app) and scheduling hooks • Close yesterday's open items; update tracker with status and links • End-of-day handoff: blockers, next actions, and ETA for open items",Code + PR link / deployment notes
44,2026-02-28,Growth Features,"Lead dev + infra (took over Munkundev assignments). Owns backend, integrations, deployment, and security hardening.","Add analytics events pipeline (page views, CTA clicks, conversion events)","Add analytics events pipeline (page views, CTA clicks, conversion events) • Close yesterday's open items; update tracker with status and links • End-of-day handoff: blockers, next actions, and ETA for open items",Code + PR link / deployment notes
45,2026-03-01,Growth Features,"Lead dev + infra (took over Munkundev assignments). Owns backend, integrations, deployment, and security hardening.","Implement hot books/hot authors rankings (signals, scoring, caching)","Implement hot books/hot authors rankings (signals, scoring, caching) • Close yesterday's open items; update tracker with status and links • End-of-day handoff: blockers, next actions, and ETA for open items",Code + PR link / deployment notes
46,2026-03-02,Growth Features,"Lead dev + infra (took over Munkundev assignments). Owns backend, integrations, deployment, and security hardening.","Implement viral widgets (share cards, copy-to-clipboard, embeddable badge)","Implement viral widgets (share cards, copy-to-clipboard, embeddable badge) • Close yesterday's open items; update tracker with status and links • End-of-day handoff: blockers, next actions, and ETA for open items",Code + PR link / deployment notes
47,2026-03-03,Growth Features,"Lead dev + infra (took over Munkundev assignments). Owns backend, integrations, deployment, and security hardening.",Implement notifications (email + in-app) and scheduling hooks,"Implement notifications (email + in-app) and scheduling hooks • Close yesterday's open items; update tracker with status and links • End-of-day handoff: blockers, next actions, and ETA for open items",Code + PR link / deployment notes
48,2026-03-04,Growth Features,"Lead dev + infra (took over Munkundev assignments). Owns backend, integrations, deployment, and security hardening.","Add analytics events pipeline (page views, CTA clicks, conversion events)","Add analytics events pipeline (page views, CTA clicks, conversion events) • Close yesterday's open items; update tracker with status and links • End-of-day handoff: blockers, next actions, and ETA for open items",Code + PR link / deployment notes
49,2026-03-05,Growth Features,"Lead dev + infra (took over Munkundev assignments). Owns backend, integrations, deployment, and security hardening.","Implement hot books/hot authors rankings (signals, scoring, caching)","Implement hot books/hot authors rankings (signals, scoring, caching) • Close yesterday's open items; update tracker with status and links • End-of-day handoff: blockers, next actions, and ETA for open items",Code + PR link / deployment notes
50,2026-03-06,Growth Features,"Lead dev + infra (took over Munkundev assignments). Owns backend, integrations, deployment, and security hardening.","Implement viral widgets (share cards, copy-to-clipboard, embeddable badge)","Implement viral widgets (share cards, copy-to-clipboard, embeddable badge) • Close yesterday's open items; update tracker with status and links • End-of-day handoff: blockers, next actions, and ETA for open items",Code + PR link / deployment notes
51,2026-03-07,Growth Features,"Lead dev + infra (took over Munkundev assignments). Owns backend, integrations, deployment, and security hardening.",Implement notifications (email + in-app) and scheduling hooks,"Implement notifications (email + in-app) and scheduling hooks • Close yesterday's open items; update tracker with status and links • End-of-day handoff: blockers, next actions, and ETA for open items",Code + PR link / deployment notes
52,2026-03-08,Growth Features,"Lead dev + infra (took over Munkundev assignments). Owns backend, integrations, deployment, and security hardening.","Add analytics events pipeline (page views, CTA clicks, conversion events)","Add analytics events pipeline (page views, CTA clicks, conversion events) • Close yesterday's open items; update tracker with status and links • End-of-day handoff: blockers, next actions, and ETA for open items",Code + PR link / deployment notes
53,2026-03-09,Growth Features,"Lead dev + infra (took over Munkundev assignments). Owns backend, integrations, deployment, and security hardening.","Implement hot books/hot authors rankings (signals, scoring, caching)","Implement hot books/hot authors rankings (signals, scoring, caching) • Close yesterday's open items; update tracker with status and links • End-of-day handoff: blockers, next actions, and ETA for open items",Code + PR link / deployment notes
54,2026-03-10,Growth Features,"Lead dev + infra (took over Munkundev assignments). Owns backend, integrations, deployment, and security hardening.","Implement viral widgets (share cards, copy-to-clipboard, embeddable badge)","Implement viral widgets (share cards, copy-to-clipboard, embeddable badge) • Close yesterday's open items; update tracker with status and links • End-of-day handoff: blockers, next actions, and ETA for open items",Code + PR link / deployment notes
55,2026-03-11,Growth Features,"Lead dev + infra (took over Munkundev assignments). Owns backend, integrations, deployment, and security hardening.",Implement notifications (email + in-app) and scheduling hooks,"Implement notifications (email + in-app) and scheduling hooks • Close yesterday's open items; update tracker with status and links • End-of-day handoff: blockers, next actions, and ETA for open items",Code + PR link / deployment notes
56,2026-03-12,Growth Features,"Lead dev + infra (took over Munkundev assignments). Owns backend, integrations, deployment, and security hardening.","Add analytics events pipeline (page views, CTA clicks, conversion events)","Add analytics events pipeline (page views, CTA clicks, conversion events) • Close yesterday's open items; update tracker with status and links • End-of-day handoff: blockers, next actions, and ETA for open items",Code + PR link / deployment notes
57,2026-03-13,Payments + Automation,"Lead dev + infra (took over Munkundev assignments). Owns backend, integrations, deployment, and security hardening.","Implement payment methods catalog and checkout stubs (Stripe, PayPal, Paystack, Flutterwave)","Implement payment methods catalog and checkout stubs (Stripe, PayPal, Paystack, Flutterwave) • Close yesterday's open items; update tracker with status and links • End-of-day handoff: blockers, next actions, and ETA for open items",Code + PR link / deployment notes
58,2026-03-14,Payments + Automation,"Lead dev + infra (took over Munkundev assignments). Owns backend, integrations, deployment, and security hardening.","Implement billing plans, invoices/receipts, and subscription state machine","Implement billing plans, invoices/receipts, and subscription state machine • Close yesterday's open items; update tracker with status and links • End-of-day handoff: blockers, next actions, and ETA for open items",Code + PR link / deployment notes
59,2026-03-15,Payments + Automation,"Lead dev + infra (took over Munkundev assignments). Owns backend, integrations, deployment, and security hardening.",Implement webhooks endpoint and idempotency storage,"Implement webhooks endpoint and idempotency storage • Close yesterday's open items; update tracker with status and links • End-of-day handoff: blockers, next actions, and ETA for open items",Code + PR link / deployment notes
60,2026-03-16,Payments + Automation,"Lead dev + infra (took over Munkundev assignments). Owns backend, integrations, deployment, and security hardening.",Implement task assignment module + Daily Command Report capture,"Implement task assignment module + Daily Command Report capture • Close yesterday's open items; update tracker with status and links • End-of-day handoff: blockers, next actions, and ETA for open items",Code + PR link / deployment notes
61,2026-03-17,Payments + Automation,"Lead dev + infra (took over Munkundev assignments). Owns backend, integrations, deployment, and security hardening.","Implement payment methods catalog and checkout stubs (Stripe, PayPal, Paystack, Flutterwave)","Implement payment methods catalog and checkout stubs (Stripe, PayPal, Paystack, Flutterwave) • Close yesterday's open items; update tracker with status and links • End-of-day handoff: blockers, next actions, and ETA for open items",Code + PR link / deployment notes
62,2026-03-18,Payments + Automation,"Lead dev + infra (took over Munkundev assignments). Owns backend, integrations, deployment, and security hardening.","Implement billing plans, invoices/receipts, and subscription state machine","Implement billing plans, invoices/receipts, and subscription state machine • Close yesterday's open items; update tracker with status and links • End-of-day handoff: blockers, next actions, and ETA for open items",Code + PR link / deployment notes
63,2026-03-19,Payments + Automation,"Lead dev + infra (took over Munkundev assignments). Owns backend, integrations, deployment, and security hardening.",Implement webhooks endpoint and idempotency storage,"Implement webhooks endpoint and idempotency storage • Close yesterday's open items; update tracker with status and links • End-of-day handoff: blockers, next actions, and ETA for open items",Code + PR link / deployment notes
64,2026-03-20,Payments + Automation,"Lead dev + infra (took over Munkundev assignments). Owns backend, integrations, deployment, and security hardening.",Implement task assignment module + Daily Command Report capture,"Implement task assignment module + Daily Command Report capture • Close yesterday's open items; update tracker with status and links • End-of-day handoff: blockers, next actions, and ETA for open items",Code + PR link / deployment notes
65,2026-03-21,Payments + Automation,"Lead dev + infra (took over Munkundev assignments). Owns backend, integrations, deployment, and security hardening.","Implement payment methods catalog and checkout stubs (Stripe, PayPal, Paystack, Flutterwave)","Implement payment methods catalog and checkout stubs (Stripe, PayPal, Paystack, Flutterwave) • Close yesterday's open items; update tracker with status and links • End-of-day handoff: blockers, next actions, and ETA for open items",Code + PR link / deployment notes
66,2026-03-22,Payments + Automation,"Lead dev + infra (took over Munkundev assignments). Owns backend, integrations, deployment, and security hardening.","Implement billing plans, invoices/receipts, and subscription state machine","Implement billing plans, invoices/receipts, and subscription state machine • Close yesterday's open items; update tracker with status and links • End-of-day handoff: blockers, next actions, and ETA for open items",Code + PR link / deployment notes
67,2026-03-23,Payments + Automation,"Lead dev + infra (took over Munkundev assignments). Owns backend, integrations, deployment, and security hardening.",Implement webhooks endpoint and idempotency storage,"Implement webhooks endpoint and idempotency storage • Close yesterday's open items; update tracker with status and links • End-of-day handoff: blockers, next actions, and ETA for open items",Code + PR link / deployment notes
68,2026-03-24,Payments + Automation,"Lead dev + infra (took over Munkundev assignments). Owns backend, integrations, deployment, and security hardening.",Implement task assignment module + Daily Command Report capture,"Implement task assignment module + Daily Command Report capture • Close yesterday's open items; update tracker with status and links • End-of-day handoff: blockers, next actions, and ETA for open items",Code + PR link / deployment notes
69,2026-03-25,Payments + Automation,"Lead dev + infra (took over Munkundev assignments). Owns backend, integrations, deployment, and security hardening.","Implement payment methods catalog and checkout stubs (Stripe, PayPal, Paystack, Flutterwave)","Implement payment methods catalog and checkout stubs (Stripe, PayPal, Paystack, Flutterwave) • Close yesterday's open items; update tracker with status and links • End-of-day handoff: blockers, next actions, and ETA for open items",Code + PR link / deployment notes
70,2026-03-26,Payments + Automation,"Lead dev + infra (took over Munkundev assignments). Owns backend, integrations, deployment, and security hardening.","Implement billing plans, invoices/receipts, and subscription state machine","Implement billing plans, invoices/receipts, and subscription state machine • Close yesterday's open items; update tracker with status and links • End-of-day handoff: blockers, next actions, and ETA for open items",Code + PR link / deployment notes
71,2026-03-27,Payments + Automation,"Lead dev + infra (took over Munkundev assignments). Owns backend, integrations, deployment, and security hardening.",Implement webhooks endpoint and idempotency storage,"Implement webhooks endpoint and idempotency storage • Close yesterday's open items; update tracker with status and links • End-of-day handoff: blockers, next actions, and ETA for open items",Code + PR link / deployment notes
72,2026-03-28,Payments + Automation,"Lead dev + infra (took over Munkundev assignments). Owns backend, integrations, deployment, and security hardening.",Implement task assignment module + Daily Command Report capture,"Implement task assignment module + Daily Command Report capture • Close yesterday's open items; update tracker with status and links • End-of-day handoff: blockers, next actions, and ETA for open items",Code + PR link / deployment notes
73,2026-03-29,Payments + Automation,"Lead dev + infra (took over Munkundev assignments). Owns backend, integrations, deployment, and security hardening.","Implement payment methods catalog and checkout stubs (Stripe, PayPal, Paystack, Flutterwave)","Implement payment methods catalog and checkout stubs (Stripe, PayPal, Paystack, Flutterwave) • Close yesterday's open items; update tracker with status and links • End-of-day handoff: blockers, next actions, and ETA for open items",Code + PR link / deployment notes
74,2026-03-30,Payments + Automation,"Lead dev + infra (took over Munkundev assignments). Owns backend, integrations, deployment, and security hardening.","Implement billing plans, invoices/receipts, and subscription state machine","Implement billing plans, invoices/receipts, and subscription state machine • Close yesterday's open items; update tracker with status and links • End-of-day handoff: blockers, next actions, and ETA for open items",Code + PR link / deployment notes
75,2026-03-31,Payments + Automation,"Lead dev + infra (took over Munkundev assignments). Owns backend, integrations, deployment, and security hardening.",Implement webhooks endpoint and idempotency storage,"Implement webhooks endpoint and idempotency storage • Close yesterday's open items; update tracker with status and links • End-of-day handoff: blockers, next actions, and ETA for open items",Code + PR link / deployment notes
76,2026-04-01,Payments + Automation,"Lead dev + infra (took over Munkundev assignments). Owns backend, integrations, deployment, and security hardening.",Implement task assignment module + Daily Command Report capture,"Implement task assignment module + Daily Command Report capture • Close yesterday's open items; update tracker with status and links • End-of-day handoff: blockers, next actions, and ETA for open items",Code + PR link / deployment notes
77,2026-04-02,Payments + Automation,"Lead dev + infra (took over Munkundev assignments). Owns backend, integrations, deployment, and security hardening.","Implement payment methods catalog and checkout stubs (Stripe, PayPal, Paystack, Flutterwave)","Implement payment methods catalog and checkout stubs (Stripe, PayPal, Paystack, Flutterwave) • Close yesterday's open items; update tracker with status and links • End-of-day handoff: blockers, next actions, and ETA for open items",Code + PR link / deployment notes
78,2026-04-03,Hardening + Launch,"Lead dev + infra (took over Munkundev assignments). Owns backend, integrations, deployment, and security hardening.","Performance pass (caching, pagination, query indexes)","Performance pass (caching, pagination, query indexes) • Close yesterday's open items; update tracker with status and links • End-of-day handoff: blockers, next actions, and ETA for open items",Code + PR link / deployment notes
79,2026-04-04,Hardening + Launch,"Lead dev + infra (took over Munkundev assignments). Owns backend, integrations, deployment, and security hardening.",Deployment runbook for Cloudways and generic VPS (Nginx + Gunicorn),"Deployment runbook for Cloudways and generic VPS (Nginx + Gunicorn) • Close yesterday's open items; update tracker with status and links • End-of-day handoff: blockers, next actions, and ETA for open items",Code + PR link / deployment notes
80,2026-04-05,Hardening + Launch,"Lead dev + infra (took over Munkundev assignments). Owns backend, integrations, deployment, and security hardening.",Create production monitoring hooks and backup/restore steps,"Create production monitoring hooks and backup/restore steps • Close yesterday's open items; update tracker with status and links • End-of-day handoff: blockers, next actions, and ETA for open items",Code + PR link / deployment notes
81,2026-04-06,Hardening + Launch,"Lead dev + infra (took over Munkundev assignments). Owns backend, integrations, deployment, and security hardening.","Security review (OWASP), rate limiting, CSRF, secure cookies, headers","Security review (OWASP), rate limiting, CSRF, secure cookies, headers • Close yesterday's open items; update tracker with status and links • End-of-day handoff: blockers, next actions, and ETA for open items",Code + PR link / deployment notes
82,2026-04-07,Hardening + Launch,"Lead dev + infra (took over Munkundev assignments). Owns backend, integrations, deployment, and security hardening.","Performance pass (caching, pagination, query indexes)","Performance pass (caching, pagination, query indexes) • Close yesterday's open items; update tracker with status and links • End-of-day handoff: blockers, next actions, and ETA for open items",Code + PR link / deployment notes
83,2026-04-08,Hardening + Launch,"Lead dev + infra (took over Munkundev assignments). Owns backend, integrations, deployment, and security hardening.",Deployment runbook for Cloudways and generic VPS (Nginx + Gunicorn),"Deployment runbook for Cloudways and generic VPS (Nginx + Gunicorn) • Close yesterday's open items; update tracker with status and links • End-of-day handoff: blockers, next actions, and ETA for open items",Code + PR link / deployment notes
84,2026-04-09,Hardening + Launch,"Lead dev + infra (took over Munkundev assignments). Owns backend, integrations, deployment, and security hardening.",Create production monitoring hooks and backup/restore steps,"Create production monitoring hooks and backup/restore steps • Close yesterday's open items; update tracker with status and links • End-of-day handoff: blockers, next actions, and ETA for open items",Code + PR link / deployment notes
85,2026-04-10,Hardening + Launch,"Lead dev + infra (took over Munkundev assignments). Owns backend, integrations, deployment, and security hardening.","Security review (OWASP), rate limiting, CSRF, secure cookies, headers","Security review (OWASP), rate limiting, CSRF, secure cookies, headers • Close yesterday's open items; update tracker with status and links • End-of-day handoff: blockers, next actions, and ETA for open items",Code + PR link / deployment notes
86,2026-04-11,Hardening + Launch,"Lead dev + infra (took over Munkundev assignments). Owns backend, integrations, deployment, and security hardening.","Performance pass (caching, pagination, query indexes)","Performance pass (caching, pagination, query indexes) • Close yesterday's open items; update tracker with status and links • End-of-day handoff: blockers, next actions, and ETA for open items",Code + PR link / deployment notes
87,2026-04-12,Hardening + Launch,"Lead dev + infra (took over Munkundev assignments). Owns backend, integrations, deployment, and security hardening.",Deployment runbook for Cloudways and generic VPS (Nginx + Gunicorn),"Deployment runbook for Cloudways and generic VPS (Nginx + Gunicorn) • Close yesterday's open items; update tracker with status and links • End-of-day handoff: blockers, next actions, and ETA for open items",Code + PR link / deployment notes
88,2026-04-13,Hardening + Launch,"Lead dev + infra (took over Munkundev assignments). Owns backend, integrations, deployment, and security hardening.",Create production monitoring hooks and backup/restore steps,"Create production monitoring hooks and backup/restore steps • Close yesterday's open items; update tracker with status and links • End-of-day handoff: blockers, next actions, and ETA for open items",Code + PR link / deployment notes
89,2026-04-14,Hardening + Launch,"Lead dev + infra (took over Munkundev assignments). Owns backend, integrations, deployment, and security hardening.","Security review (OWASP), rate limiting, CSRF, secure cookies, headers","Security review (OWASP), rate limiting, CSRF, secure cookies, headers • Close yesterday's open items; update tracker with status and links • End-of-day handoff: blockers, next actions, and ETA for open items",Code + PR link / deployment notes
90,2026-04-15,Hardening + Launch,"Lead dev + infra (took over Munkundev assignments). Owns backend, integrations, deployment, and security hardening.","Performance pass (caching, pagination, query indexes)","Performance pass (caching, pagination, query indexes) • Close yesterday's open items; update tracker with status and links • End-of-day handoff: blockers, next actions, and ETA for open items",Code + PR link / deployment notes
