Day,Date,Phase,Role focus,Top 5 tasks,Expected deliverable(s)
1,2026-01-16,Foundation,"Ops/QA/Marketing + overflow dev support (took over Isha assignments). Owns testing, content ops, marketing deliverables; assists Smit when overloaded.","Write QA plan + acceptance criteria mapping to spec; Set up test matrix + bug template + daily command report workflow; Create operations templates (90-day plans, reporting); Prepare marketing asset framework + free-footage sourcing guide; Assist Smit with CI/CD pipeline scaffolding",Daily update + PR(s) or artifact(s) linked in Command Report
2,2026-01-17,Foundation,"Ops/QA/Marketing + overflow dev support (took over Isha assignments). Owns testing, content ops, marketing deliverables; assists Smit when overloaded.","Write QA plan + acceptance criteria mapping to spec; Set up test matrix + bug template + daily command report workflow; Create operations templates (90-day plans, reporting); Prepare marketing asset framework + free-footage sourcing guide; Assist Smit with CI/CD pipeline scaffolding",Daily update + PR(s) or artifact(s) linked in Command Report
3,2026-01-18,Foundation,"Ops/QA/Marketing + overflow dev support (took over Isha assignments). Owns testing, content ops, marketing deliverables; assists Smit when overloaded.","Write QA plan + acceptance criteria mapping to spec; Set up test matrix + bug template + daily command report workflow; Create operations templates (90-day plans, reporting); Prepare marketing asset framework + free-footage sourcing guide; Assist Smit with CI/CD pipeline scaffolding",Daily update + PR(s) or artifact(s) linked in Command Report
4,2026-01-19,Foundation,"Ops/QA/Marketing + overflow dev support (took over Isha assignments). Owns testing, content ops, marketing deliverables; assists Smit when overloaded.","Write QA plan + acceptance criteria mapping to spec; Set up test matrix + bug template + daily command report workflow; Create operations templates (90-day plans, reporting); Prepare marketing asset framework + free-footage sourcing guide; Assist Smit with CI/CD pipeline scaffolding",Daily update + PR(s) or artifact(s) linked in Command Report
5,2026-01-20,Foundation,"Ops/QA/Marketing + overflow dev support (took over Isha assignments). Owns testing, content ops, marketing deliverables; assists Smit when overloaded.","Write QA plan + acceptance criteria mapping to spec; Set up test matrix + bug template + daily command report workflow; Create operations templates (90-day plans, reporting); Prepare marketing asset framework + free-footage sourcing guide; Assist Smit with CI/CD pipeline scaffolding",Daily update + PR(s) or artifact(s) linked in Command Report
6,2026-01-21,Foundation,"Ops/QA/Marketing + overflow dev support (took over Isha assignments). Owns testing, content ops, marketing deliverables; assists Smit when overloaded.","Write QA plan + acceptance criteria mapping to spec; Set up test matrix + bug template + daily command report workflow; Create operations templates (90-day plans, reporting); Prepare marketing asset framework + free-footage sourcing guide; Assist Smit with CI/CD pipeline scaffolding",Daily update + PR(s) or artifact(s) linked in Command Report
7,2026-01-22,Foundation,"Ops/QA/Marketing + overflow dev support (took over Isha assignments). Owns testing, content ops, marketing deliverables; assists Smit when overloaded.","Write QA plan + acceptance criteria mapping to spec; Set up test matrix + bug template + daily command report workflow; Create operations templates (90-day plans, reporting); Prepare marketing asset framework + free-footage sourcing guide; Assist Smit with CI/CD pipeline scaffolding",Weekly demo + merged PRs + updated changelog
8,2026-01-23,Foundation,"Ops/QA/Marketing + overflow dev support (took over Isha assignments). Owns testing, content ops, marketing deliverables; assists Smit when overloaded.","Write QA plan + acceptance criteria mapping to spec; Set up test matrix + bug template + daily command report workflow; Create operations templates (90-day plans, reporting); Prepare marketing asset framework + free-footage sourcing guide; Assist Smit with CI/CD pipeline scaffolding",Daily update + PR(s) or artifact(s) linked in Command Report
9,2026-01-24,Foundation,"Ops/QA/Marketing + overflow dev support (took over Isha assignments). Owns testing, content ops, marketing deliverables; assists Smit when overloaded.","Write QA plan + acceptance criteria mapping to spec; Set up test matrix + bug template + daily command report workflow; Create operations templates (90-day plans, reporting); Prepare marketing asset framework + free-footage sourcing guide; Assist Smit with CI/CD pipeline scaffolding",Daily update + PR(s) or artifact(s) linked in Command Report
10,2026-01-25,Foundation,"Ops/QA/Marketing + overflow dev support (took over Isha assignments). Owns testing, content ops, marketing deliverables; assists Smit when overloaded.","Write QA plan + acceptance criteria mapping to spec; Set up test matrix + bug template + daily command report workflow; Create operations templates (90-day plans, reporting); Prepare marketing asset framework + free-footage sourcing guide; Assist Smit with CI/CD pipeline scaffolding",Daily update + PR(s) or artifact(s) linked in Command Report
11,2026-01-26,Foundation,"Ops/QA/Marketing + overflow dev support (took over Isha assignments). Owns testing, content ops, marketing deliverables; assists Smit when overloaded.","Write QA plan + acceptance criteria mapping to spec; Set up test matrix + bug template + daily command report workflow; Create operations templates (90-day plans, reporting); Prepare marketing asset framework + free-footage sourcing guide; Assist Smit with CI/CD pipeline scaffolding",Daily update + PR(s) or artifact(s) linked in Command Report
12,2026-01-27,Foundation,"Ops/QA/Marketing + overflow dev support (took over Isha assignments). Owns testing, content ops, marketing deliverables; assists Smit when overloaded.","Write QA plan + acceptance criteria mapping to spec; Set up test matrix + bug template + daily command report workflow; Create operations templates (90-day plans, reporting); Prepare marketing asset framework + free-footage sourcing guide; Assist Smit with CI/CD pipeline scaffolding",Daily update + PR(s) or artifact(s) linked in Command Report
13,2026-01-28,Foundation,"Ops/QA/Marketing + overflow dev support (took over Isha assignments). Owns testing, content ops, marketing deliverables; assists Smit when overloaded.","Write QA plan + acceptance criteria mapping to spec; Set up test matrix + bug template + daily command report workflow; Create operations templates (90-day plans, reporting); Prepare marketing asset framework + free-footage sourcing guide; Assist Smit with CI/CD pipeline scaffolding",Daily update + PR(s) or artifact(s) linked in Command Report
14,2026-01-29,Foundation,"Ops/QA/Marketing + overflow dev support (took over Isha assignments). Owns testing, content ops, marketing deliverables; assists Smit when overloaded.","Write QA plan + acceptance criteria mapping to spec; Set up test matrix + bug template + daily command report workflow; Create operations templates (90-day plans, reporting); Prepare marketing asset framework + free-footage sourcing guide; Assist Smit with CI/CD pipeline scaffolding",Milestone review package + sign-off checklist
15,2026-01-30,Core Features,"Ops/QA/Marketing + overflow dev support (took over Isha assignments). Owns testing, content ops, marketing deliverables; assists Smit when overloaded.","Test onboarding flows end-to-end + edge cases; Validate keyword/hashtag outputs + language correctness; Draft 5 ad scripts EN/FR + shotlists + posting plan; Define pricing, revenue streams, and forecast assumptions (annual); Assist Smit with payments test mode + webhook tests",Daily update + PR(s) or artifact(s) linked in Command Report
16,2026-01-31,Core Features,"Ops/QA/Marketing + overflow dev support (took over Isha assignments). Owns testing, content ops, marketing deliverables; assists Smit when overloaded.","Test onboarding flows end-to-end + edge cases; Validate keyword/hashtag outputs + language correctness; Draft 5 ad scripts EN/FR + shotlists + posting plan; Define pricing, revenue streams, and forecast assumptions (annual); Assist Smit with payments test mode + webhook tests",Daily update + PR(s) or artifact(s) linked in Command Report
17,2026-02-01,Core Features,"Ops/QA/Marketing + overflow dev support (took over Isha assignments). Owns testing, content ops, marketing deliverables; assists Smit when overloaded.","Test onboarding flows end-to-end + edge cases; Validate keyword/hashtag outputs + language correctness; Draft 5 ad scripts EN/FR + shotlists + posting plan; Define pricing, revenue streams, and forecast assumptions (annual); Assist Smit with payments test mode + webhook tests",Daily update + PR(s) or artifact(s) linked in Command Report
18,2026-02-02,Core Features,"Ops/QA/Marketing + overflow dev support (took over Isha assignments). Owns testing, content ops, marketing deliverables; assists Smit when overloaded.","Test onboarding flows end-to-end + edge cases; Validate keyword/hashtag outputs + language correctness; Draft 5 ad scripts EN/FR + shotlists + posting plan; Define pricing, revenue streams, and forecast assumptions (annual); Assist Smit with payments test mode + webhook tests",Daily update + PR(s) or artifact(s) linked in Command Report
19,2026-02-03,Core Features,"Ops/QA/Marketing + overflow dev support (took over Isha assignments). Owns testing, content ops, marketing deliverables; assists Smit when overloaded.","Test onboarding flows end-to-end + edge cases; Validate keyword/hashtag outputs + language correctness; Draft 5 ad scripts EN/FR + shotlists + posting plan; Define pricing, revenue streams, and forecast assumptions (annual); Assist Smit with payments test mode + webhook tests",Daily update + PR(s) or artifact(s) linked in Command Report
20,2026-02-04,Core Features,"Ops/QA/Marketing + overflow dev support (took over Isha assignments). Owns testing, content ops, marketing deliverables; assists Smit when overloaded.","Test onboarding flows end-to-end + edge cases; Validate keyword/hashtag outputs + language correctness; Draft 5 ad scripts EN/FR + shotlists + posting plan; Define pricing, revenue streams, and forecast assumptions (annual); Assist Smit with payments test mode + webhook tests",Daily update + PR(s) or artifact(s) linked in Command Report
21,2026-02-05,Core Features,"Ops/QA/Marketing + overflow dev support (took over Isha assignments). Owns testing, content ops, marketing deliverables; assists Smit when overloaded.","Test onboarding flows end-to-end + edge cases; Validate keyword/hashtag outputs + language correctness; Draft 5 ad scripts EN/FR + shotlists + posting plan; Define pricing, revenue streams, and forecast assumptions (annual); Assist Smit with payments test mode + webhook tests",Weekly demo + merged PRs + updated changelog
22,2026-02-06,Core Features,"Ops/QA/Marketing + overflow dev support (took over Isha assignments). Owns testing, content ops, marketing deliverables; assists Smit when overloaded.","Test onboarding flows end-to-end + edge cases; Validate keyword/hashtag outputs + language correctness; Draft 5 ad scripts EN/FR + shotlists + posting plan; Define pricing, revenue streams, and forecast assumptions (annual); Assist Smit with payments test mode + webhook tests",Daily update + PR(s) or artifact(s) linked in Command Report
23,2026-02-07,Core Features,"Ops/QA/Marketing + overflow dev support (took over Isha assignments). Owns testing, content ops, marketing deliverables; assists Smit when overloaded.","Test onboarding flows end-to-end + edge cases; Validate keyword/hashtag outputs + language correctness; Draft 5 ad scripts EN/FR + shotlists + posting plan; Define pricing, revenue streams, and forecast assumptions (annual); Assist Smit with payments test mode + webhook tests",Daily update + PR(s) or artifact(s) linked in Command Report
24,2026-02-08,Core Features,"Ops/QA/Marketing + overflow dev support (took over Isha assignments). Owns testing, content ops, marketing deliverables; assists Smit when overloaded.","Test onboarding flows end-to-end + edge cases; Validate keyword/hashtag outputs + language correctness; Draft 5 ad scripts EN/FR + shotlists + posting plan; Define pricing, revenue streams, and forecast assumptions (annual); Assist Smit with payments test mode + webhook tests",Daily update + PR(s) or artifact(s) linked in Command Report
25,2026-02-09,Core Features,"Ops/QA/Marketing + overflow dev support (took over Isha assignments). Owns testing, content ops, marketing deliverables; assists Smit when overloaded.","Test onboarding flows end-to-end + edge cases; Validate keyword/hashtag outputs + language correctness; Draft 5 ad scripts EN/FR + shotlists + posting plan; Define pricing, revenue streams, and forecast assumptions (annual); Assist Smit with payments test mode + webhook tests",Daily update + PR(s) or artifact(s) linked in Command Report
26,2026-02-10,Core Features,"Ops/QA/Marketing + overflow dev support (took over Isha assignments). Owns testing, content ops, marketing deliverables; assists Smit when overloaded.","Test onboarding flows end-to-end + edge cases; Validate keyword/hashtag outputs + language correctness; Draft 5 ad scripts EN/FR + shotlists + posting plan; Define pricing, revenue streams, and forecast assumptions (annual); Assist Smit with payments test mode + webhook tests",Daily update + PR(s) or artifact(s) linked in Command Report
27,2026-02-11,Core Features,"Ops/QA/Marketing + overflow dev support (took over Isha assignments). Owns testing, content ops, marketing deliverables; assists Smit when overloaded.","Test onboarding flows end-to-end + edge cases; Validate keyword/hashtag outputs + language correctness; Draft 5 ad scripts EN/FR + shotlists + posting plan; Define pricing, revenue streams, and forecast assumptions (annual); Assist Smit with payments test mode + webhook tests",Daily update + PR(s) or artifact(s) linked in Command Report
28,2026-02-12,Core Features,"Ops/QA/Marketing + overflow dev support (took over Isha assignments). Owns testing, content ops, marketing deliverables; assists Smit when overloaded.","Test onboarding flows end-to-end + edge cases; Validate keyword/hashtag outputs + language correctness; Draft 5 ad scripts EN/FR + shotlists + posting plan; Define pricing, revenue streams, and forecast assumptions (annual); Assist Smit with payments test mode + webhook tests",Weekly demo + merged PRs + updated changelog
29,2026-02-13,Core Features,"Ops/QA/Marketing + overflow dev support (took over Isha assignments). Owns testing, content ops, marketing deliverables; assists Smit when overloaded.","Test onboarding flows end-to-end + edge cases; Validate keyword/hashtag outputs + language correctness; Draft 5 ad scripts EN/FR + shotlists + posting plan; Define pricing, revenue streams, and forecast assumptions (annual); Assist Smit with payments test mode + webhook tests",Daily update + PR(s) or artifact(s) linked in Command Report
30,2026-02-14,Core Features,"Ops/QA/Marketing + overflow dev support (took over Isha assignments). Owns testing, content ops, marketing deliverables; assists Smit when overloaded.","Test onboarding flows end-to-end + edge cases; Validate keyword/hashtag outputs + language correctness; Draft 5 ad scripts EN/FR + shotlists + posting plan; Define pricing, revenue streams, and forecast assumptions (annual); Assist Smit with payments test mode + webhook tests",Daily update + PR(s) or artifact(s) linked in Command Report
31,2026-02-15,Core Features,"Ops/QA/Marketing + overflow dev support (took over Isha assignments). Owns testing, content ops, marketing deliverables; assists Smit when overloaded.","Test onboarding flows end-to-end + edge cases; Validate keyword/hashtag outputs + language correctness; Draft 5 ad scripts EN/FR + shotlists + posting plan; Define pricing, revenue streams, and forecast assumptions (annual); Assist Smit with payments test mode + webhook tests",Daily update + PR(s) or artifact(s) linked in Command Report
32,2026-02-16,Core Features,"Ops/QA/Marketing + overflow dev support (took over Isha assignments). Owns testing, content ops, marketing deliverables; assists Smit when overloaded.","Test onboarding flows end-to-end + edge cases; Validate keyword/hashtag outputs + language correctness; Draft 5 ad scripts EN/FR + shotlists + posting plan; Define pricing, revenue streams, and forecast assumptions (annual); Assist Smit with payments test mode + webhook tests",Daily update + PR(s) or artifact(s) linked in Command Report
33,2026-02-17,Core Features,"Ops/QA/Marketing + overflow dev support (took over Isha assignments). Owns testing, content ops, marketing deliverables; assists Smit when overloaded.","Test onboarding flows end-to-end + edge cases; Validate keyword/hashtag outputs + language correctness; Draft 5 ad scripts EN/FR + shotlists + posting plan; Define pricing, revenue streams, and forecast assumptions (annual); Assist Smit with payments test mode + webhook tests",Daily update + PR(s) or artifact(s) linked in Command Report
34,2026-02-18,Core Features,"Ops/QA/Marketing + overflow dev support (took over Isha assignments). Owns testing, content ops, marketing deliverables; assists Smit when overloaded.","Test onboarding flows end-to-end + edge cases; Validate keyword/hashtag outputs + language correctness; Draft 5 ad scripts EN/FR + shotlists + posting plan; Define pricing, revenue streams, and forecast assumptions (annual); Assist Smit with payments test mode + webhook tests",Daily update + PR(s) or artifact(s) linked in Command Report
35,2026-02-19,Core Features,"Ops/QA/Marketing + overflow dev support (took over Isha assignments). Owns testing, content ops, marketing deliverables; assists Smit when overloaded.","Test onboarding flows end-to-end + edge cases; Validate keyword/hashtag outputs + language correctness; Draft 5 ad scripts EN/FR + shotlists + posting plan; Define pricing, revenue streams, and forecast assumptions (annual); Assist Smit with payments test mode + webhook tests",Milestone review package + sign-off checklist
36,2026-02-20,Growth Features,"Ops/QA/Marketing + overflow dev support (took over Isha assignments). Owns testing, content ops, marketing deliverables; assists Smit when overloaded.","Design monthly “hot” editorial rules + moderation workflow; QA viral widgets (embed, tracking, anti-spam); Set up analytics dashboards (basic KPIs) + reporting cadence; Draft partnership/outreach kits for authors; Overflow dev support for Smit: backlog items from admin",Daily update + PR(s) or artifact(s) linked in Command Report
37,2026-02-21,Growth Features,"Ops/QA/Marketing + overflow dev support (took over Isha assignments). Owns testing, content ops, marketing deliverables; assists Smit when overloaded.","Design monthly “hot” editorial rules + moderation workflow; QA viral widgets (embed, tracking, anti-spam); Set up analytics dashboards (basic KPIs) + reporting cadence; Draft partnership/outreach kits for authors; Overflow dev support for Smit: backlog items from admin",Daily update + PR(s) or artifact(s) linked in Command Report
38,2026-02-22,Growth Features,"Ops/QA/Marketing + overflow dev support (took over Isha assignments). Owns testing, content ops, marketing deliverables; assists Smit when overloaded.","Design monthly “hot” editorial rules + moderation workflow; QA viral widgets (embed, tracking, anti-spam); Set up analytics dashboards (basic KPIs) + reporting cadence; Draft partnership/outreach kits for authors; Overflow dev support for Smit: backlog items from admin",Daily update + PR(s) or artifact(s) linked in Command Report
39,2026-02-23,Growth Features,"Ops/QA/Marketing + overflow dev support (took over Isha assignments). Owns testing, content ops, marketing deliverables; assists Smit when overloaded.","Design monthly “hot” editorial rules + moderation workflow; QA viral widgets (embed, tracking, anti-spam); Set up analytics dashboards (basic KPIs) + reporting cadence; Draft partnership/outreach kits for authors; Overflow dev support for Smit: backlog items from admin",Daily update + PR(s) or artifact(s) linked in Command Report
40,2026-02-24,Growth Features,"Ops/QA/Marketing + overflow dev support (took over Isha assignments). Owns testing, content ops, marketing deliverables; assists Smit when overloaded.","Design monthly “hot” editorial rules + moderation workflow; QA viral widgets (embed, tracking, anti-spam); Set up analytics dashboards (basic KPIs) + reporting cadence; Draft partnership/outreach kits for authors; Overflow dev support for Smit: backlog items from admin",Daily update + PR(s) or artifact(s) linked in Command Report
41,2026-02-25,Growth Features,"Ops/QA/Marketing + overflow dev support (took over Isha assignments). Owns testing, content ops, marketing deliverables; assists Smit when overloaded.","Design monthly “hot” editorial rules + moderation workflow; QA viral widgets (embed, tracking, anti-spam); Set up analytics dashboards (basic KPIs) + reporting cadence; Draft partnership/outreach kits for authors; Overflow dev support for Smit: backlog items from admin",Daily update + PR(s) or artifact(s) linked in Command Report
42,2026-02-26,Growth Features,"Ops/QA/Marketing + overflow dev support (took over Isha assignments). Owns testing, content ops, marketing deliverables; assists Smit when overloaded.","Design monthly “hot” editorial rules + moderation workflow; QA viral widgets (embed, tracking, anti-spam); Set up analytics dashboards (basic KPIs) + reporting cadence; Draft partnership/outreach kits for authors; Overflow dev support for Smit: backlog items from admin",Weekly demo + merged PRs + updated changelog
43,2026-02-27,Growth Features,"Ops/QA/Marketing + overflow dev support (took over Isha assignments). Owns testing, content ops, marketing deliverables; assists Smit when overloaded.","Design monthly “hot” editorial rules + moderation workflow; QA viral widgets (embed, tracking, anti-spam); Set up analytics dashboards (basic KPIs) + reporting cadence; Draft partnership/outreach kits for authors; Overflow dev support for Smit: backlog items from admin",Daily update + PR(s) or artifact(s) linked in Command Report
44,2026-02-28,Growth Features,"Ops/QA/Marketing + overflow dev support (took over Isha assignments). Owns testing, content ops, marketing deliverables; assists Smit when overloaded.","Design monthly “hot” editorial rules + moderation workflow; QA viral widgets (embed, tracking, anti-spam); Set up analytics dashboards (basic KPIs) + reporting cadence; Draft partnership/outreach kits for authors; Overflow dev support for Smit: backlog items from admin",Daily update + PR(s) or artifact(s) linked in Command Report
45,2026-03-01,Growth Features,"Ops/QA/Marketing + overflow dev support (took over Isha assignments). Owns testing, content ops, marketing deliverables; assists Smit when overloaded.","Design monthly “hot” editorial rules + moderation workflow; QA viral widgets (embed, tracking, anti-spam); Set up analytics dashboards (basic KPIs) + reporting cadence; Draft partnership/outreach kits for authors; Overflow dev support for Smit: backlog items from admin",Daily update + PR(s) or artifact(s) linked in Command Report
46,2026-03-02,Growth Features,"Ops/QA/Marketing + overflow dev support (took over Isha assignments). Owns testing, content ops, marketing deliverables; assists Smit when overloaded.","Design monthly “hot” editorial rules + moderation workflow; QA viral widgets (embed, tracking, anti-spam); Set up analytics dashboards (basic KPIs) + reporting cadence; Draft partnership/outreach kits for authors; Overflow dev support for Smit: backlog items from admin",Daily update + PR(s) or artifact(s) linked in Command Report
47,2026-03-03,Growth Features,"Ops/QA/Marketing + overflow dev support (took over Isha assignments). Owns testing, content ops, marketing deliverables; assists Smit when overloaded.","Design monthly “hot” editorial rules + moderation workflow; QA viral widgets (embed, tracking, anti-spam); Set up analytics dashboards (basic KPIs) + reporting cadence; Draft partnership/outreach kits for authors; Overflow dev support for Smit: backlog items from admin",Daily update + PR(s) or artifact(s) linked in Command Report
48,2026-03-04,Growth Features,"Ops/QA/Marketing + overflow dev support (took over Isha assignments). Owns testing, content ops, marketing deliverables; assists Smit when overloaded.","Design monthly “hot” editorial rules + moderation workflow; QA viral widgets (embed, tracking, anti-spam); Set up analytics dashboards (basic KPIs) + reporting cadence; Draft partnership/outreach kits for authors; Overflow dev support for Smit: backlog items from admin",Daily update + PR(s) or artifact(s) linked in Command Report
49,2026-03-05,Growth Features,"Ops/QA/Marketing + overflow dev support (took over Isha assignments). Owns testing, content ops, marketing deliverables; assists Smit when overloaded.","Design monthly “hot” editorial rules + moderation workflow; QA viral widgets (embed, tracking, anti-spam); Set up analytics dashboards (basic KPIs) + reporting cadence; Draft partnership/outreach kits for authors; Overflow dev support for Smit: backlog items from admin",Weekly demo + merged PRs + updated changelog
50,2026-03-06,Growth Features,"Ops/QA/Marketing + overflow dev support (took over Isha assignments). Owns testing, content ops, marketing deliverables; assists Smit when overloaded.","Design monthly “hot” editorial rules + moderation workflow; QA viral widgets (embed, tracking, anti-spam); Set up analytics dashboards (basic KPIs) + reporting cadence; Draft partnership/outreach kits for authors; Overflow dev support for Smit: backlog items from admin",Daily update + PR(s) or artifact(s) linked in Command Report
51,2026-03-07,Growth Features,"Ops/QA/Marketing + overflow dev support (took over Isha assignments). Owns testing, content ops, marketing deliverables; assists Smit when overloaded.","Design monthly “hot” editorial rules + moderation workflow; QA viral widgets (embed, tracking, anti-spam); Set up analytics dashboards (basic KPIs) + reporting cadence; Draft partnership/outreach kits for authors; Overflow dev support for Smit: backlog items from admin",Daily update + PR(s) or artifact(s) linked in Command Report
52,2026-03-08,Growth Features,"Ops/QA/Marketing + overflow dev support (took over Isha assignments). Owns testing, content ops, marketing deliverables; assists Smit when overloaded.","Design monthly “hot” editorial rules + moderation workflow; QA viral widgets (embed, tracking, anti-spam); Set up analytics dashboards (basic KPIs) + reporting cadence; Draft partnership/outreach kits for authors; Overflow dev support for Smit: backlog items from admin",Daily update + PR(s) or artifact(s) linked in Command Report
53,2026-03-09,Growth Features,"Ops/QA/Marketing + overflow dev support (took over Isha assignments). Owns testing, content ops, marketing deliverables; assists Smit when overloaded.","Design monthly “hot” editorial rules + moderation workflow; QA viral widgets (embed, tracking, anti-spam); Set up analytics dashboards (basic KPIs) + reporting cadence; Draft partnership/outreach kits for authors; Overflow dev support for Smit: backlog items from admin",Daily update + PR(s) or artifact(s) linked in Command Report
54,2026-03-10,Growth Features,"Ops/QA/Marketing + overflow dev support (took over Isha assignments). Owns testing, content ops, marketing deliverables; assists Smit when overloaded.","Design monthly “hot” editorial rules + moderation workflow; QA viral widgets (embed, tracking, anti-spam); Set up analytics dashboards (basic KPIs) + reporting cadence; Draft partnership/outreach kits for authors; Overflow dev support for Smit: backlog items from admin",Daily update + PR(s) or artifact(s) linked in Command Report
55,2026-03-11,Growth Features,"Ops/QA/Marketing + overflow dev support (took over Isha assignments). Owns testing, content ops, marketing deliverables; assists Smit when overloaded.","Design monthly “hot” editorial rules + moderation workflow; QA viral widgets (embed, tracking, anti-spam); Set up analytics dashboards (basic KPIs) + reporting cadence; Draft partnership/outreach kits for authors; Overflow dev support for Smit: backlog items from admin",Daily update + PR(s) or artifact(s) linked in Command Report
56,2026-03-12,Growth Features,"Ops/QA/Marketing + overflow dev support (took over Isha assignments). Owns testing, content ops, marketing deliverables; assists Smit when overloaded.","Design monthly “hot” editorial rules + moderation workflow; QA viral widgets (embed, tracking, anti-spam); Set up analytics dashboards (basic KPIs) + reporting cadence; Draft partnership/outreach kits for authors; Overflow dev support for Smit: backlog items from admin",Weekly demo + merged PRs + updated changelog
57,2026-03-13,Growth Features,"Ops/QA/Marketing + overflow dev support (took over Isha assignments). Owns testing, content ops, marketing deliverables; assists Smit when overloaded.","Design monthly “hot” editorial rules + moderation workflow; QA viral widgets (embed, tracking, anti-spam); Set up analytics dashboards (basic KPIs) + reporting cadence; Draft partnership/outreach kits for authors; Overflow dev support for Smit: backlog items from admin",Daily update + PR(s) or artifact(s) linked in Command Report
58,2026-03-14,Growth Features,"Ops/QA/Marketing + overflow dev support (took over Isha assignments). Owns testing, content ops, marketing deliverables; assists Smit when overloaded.","Design monthly “hot” editorial rules + moderation workflow; QA viral widgets (embed, tracking, anti-spam); Set up analytics dashboards (basic KPIs) + reporting cadence; Draft partnership/outreach kits for authors; Overflow dev support for Smit: backlog items from admin",Daily update + PR(s) or artifact(s) linked in Command Report
59,2026-03-15,Growth Features,"Ops/QA/Marketing + overflow dev support (took over Isha assignments). Owns testing, content ops, marketing deliverables; assists Smit when overloaded.","Design monthly “hot” editorial rules + moderation workflow; QA viral widgets (embed, tracking, anti-spam); Set up analytics dashboards (basic KPIs) + reporting cadence; Draft partnership/outreach kits for authors; Overflow dev support for Smit: backlog items from admin",Daily update + PR(s) or artifact(s) linked in Command Report
60,2026-03-16,Growth Features,"Ops/QA/Marketing + overflow dev support (took over Isha assignments). Owns testing, content ops, marketing deliverables; assists Smit when overloaded.","Design monthly “hot” editorial rules + moderation workflow; QA viral widgets (embed, tracking, anti-spam); Set up analytics dashboards (basic KPIs) + reporting cadence; Draft partnership/outreach kits for authors; Overflow dev support for Smit: backlog items from admin",Milestone review package + sign-off checklist
61,2026-03-17,Hardening,"Ops/QA/Marketing + overflow dev support (took over Isha assignments). Owns testing, content ops, marketing deliverables; assists Smit when overloaded.",Security & privacy checklist validation; Load testing (basic) + report issues; Data export/import validation + GDPR requests flow; Finalize SOPs: incident response + customer support; Regression test before release candidates,Daily update + PR(s) or artifact(s) linked in Command Report
62,2026-03-18,Hardening,"Ops/QA/Marketing + overflow dev support (took over Isha assignments). Owns testing, content ops, marketing deliverables; assists Smit when overloaded.",Security & privacy checklist validation; Load testing (basic) + report issues; Data export/import validation + GDPR requests flow; Finalize SOPs: incident response + customer support; Regression test before release candidates,Daily update + PR(s) or artifact(s) linked in Command Report
63,2026-03-19,Hardening,"Ops/QA/Marketing + overflow dev support (took over Isha assignments). Owns testing, content ops, marketing deliverables; assists Smit when overloaded.",Security & privacy checklist validation; Load testing (basic) + report issues; Data export/import validation + GDPR requests flow; Finalize SOPs: incident response + customer support; Regression test before release candidates,Weekly demo + merged PRs + updated changelog
64,2026-03-20,Hardening,"Ops/QA/Marketing + overflow dev support (took over Isha assignments). Owns testing, content ops, marketing deliverables; assists Smit when overloaded.",Security & privacy checklist validation; Load testing (basic) + report issues; Data export/import validation + GDPR requests flow; Finalize SOPs: incident response + customer support; Regression test before release candidates,Daily update + PR(s) or artifact(s) linked in Command Report
65,2026-03-21,Hardening,"Ops/QA/Marketing + overflow dev support (took over Isha assignments). Owns testing, content ops, marketing deliverables; assists Smit when overloaded.",Security & privacy checklist validation; Load testing (basic) + report issues; Data export/import validation + GDPR requests flow; Finalize SOPs: incident response + customer support; Regression test before release candidates,Daily update + PR(s) or artifact(s) linked in Command Report
66,2026-03-22,Hardening,"Ops/QA/Marketing + overflow dev support (took over Isha assignments). Owns testing, content ops, marketing deliverables; assists Smit when overloaded.",Security & privacy checklist validation; Load testing (basic) + report issues; Data export/import validation + GDPR requests flow; Finalize SOPs: incident response + customer support; Regression test before release candidates,Daily update + PR(s) or artifact(s) linked in Command Report
67,2026-03-23,Hardening,"Ops/QA/Marketing + overflow dev support (took over Isha assignments). Owns testing, content ops, marketing deliverables; assists Smit when overloaded.",Security & privacy checklist validation; Load testing (basic) + report issues; Data export/import validation + GDPR requests flow; Finalize SOPs: incident response + customer support; Regression test before release candidates,Daily update + PR(s) or artifact(s) linked in Command Report
68,2026-03-24,Hardening,"Ops/QA/Marketing + overflow dev support (took over Isha assignments). Owns testing, content ops, marketing deliverables; assists Smit when overloaded.",Security & privacy checklist validation; Load testing (basic) + report issues; Data export/import validation + GDPR requests flow; Finalize SOPs: incident response + customer support; Regression test before release candidates,Daily update + PR(s) or artifact(s) linked in Command Report
69,2026-03-25,Hardening,"Ops/QA/Marketing + overflow dev support (took over Isha assignments). Owns testing, content ops, marketing deliverables; assists Smit when overloaded.",Security & privacy checklist validation; Load testing (basic) + report issues; Data export/import validation + GDPR requests flow; Finalize SOPs: incident response + customer support; Regression test before release candidates,Daily update + PR(s) or artifact(s) linked in Command Report
70,2026-03-26,Hardening,"Ops/QA/Marketing + overflow dev support (took over Isha assignments). Owns testing, content ops, marketing deliverables; assists Smit when overloaded.",Security & privacy checklist validation; Load testing (basic) + report issues; Data export/import validation + GDPR requests flow; Finalize SOPs: incident response + customer support; Regression test before release candidates,Weekly demo + merged PRs + updated changelog
71,2026-03-27,Hardening,"Ops/QA/Marketing + overflow dev support (took over Isha assignments). Owns testing, content ops, marketing deliverables; assists Smit when overloaded.",Security & privacy checklist validation; Load testing (basic) + report issues; Data export/import validation + GDPR requests flow; Finalize SOPs: incident response + customer support; Regression test before release candidates,Daily update + PR(s) or artifact(s) linked in Command Report
72,2026-03-28,Hardening,"Ops/QA/Marketing + overflow dev support (took over Isha assignments). Owns testing, content ops, marketing deliverables; assists Smit when overloaded.",Security & privacy checklist validation; Load testing (basic) + report issues; Data export/import validation + GDPR requests flow; Finalize SOPs: incident response + customer support; Regression test before release candidates,Daily update + PR(s) or artifact(s) linked in Command Report
73,2026-03-29,Hardening,"Ops/QA/Marketing + overflow dev support (took over Isha assignments). Owns testing, content ops, marketing deliverables; assists Smit when overloaded.",Security & privacy checklist validation; Load testing (basic) + report issues; Data export/import validation + GDPR requests flow; Finalize SOPs: incident response + customer support; Regression test before release candidates,Daily update + PR(s) or artifact(s) linked in Command Report
74,2026-03-30,Hardening,"Ops/QA/Marketing + overflow dev support (took over Isha assignments). Owns testing, content ops, marketing deliverables; assists Smit when overloaded.",Security & privacy checklist validation; Load testing (basic) + report issues; Data export/import validation + GDPR requests flow; Finalize SOPs: incident response + customer support; Regression test before release candidates,Daily update + PR(s) or artifact(s) linked in Command Report
75,2026-03-31,Hardening,"Ops/QA/Marketing + overflow dev support (took over Isha assignments). Owns testing, content ops, marketing deliverables; assists Smit when overloaded.",Security & privacy checklist validation; Load testing (basic) + report issues; Data export/import validation + GDPR requests flow; Finalize SOPs: incident response + customer support; Regression test before release candidates,Daily update + PR(s) or artifact(s) linked in Command Report
76,2026-04-01,Hardening,"Ops/QA/Marketing + overflow dev support (took over Isha assignments). Owns testing, content ops, marketing deliverables; assists Smit when overloaded.",Security & privacy checklist validation; Load testing (basic) + report issues; Data export/import validation + GDPR requests flow; Finalize SOPs: incident response + customer support; Regression test before release candidates,Daily update + PR(s) or artifact(s) linked in Command Report
77,2026-04-02,Hardening,"Ops/QA/Marketing + overflow dev support (took over Isha assignments). Owns testing, content ops, marketing deliverables; assists Smit when overloaded.",Security & privacy checklist validation; Load testing (basic) + report issues; Data export/import validation + GDPR requests flow; Finalize SOPs: incident response + customer support; Regression test before release candidates,Weekly demo + merged PRs + updated changelog
78,2026-04-03,Hardening,"Ops/QA/Marketing + overflow dev support (took over Isha assignments). Owns testing, content ops, marketing deliverables; assists Smit when overloaded.",Security & privacy checklist validation; Load testing (basic) + report issues; Data export/import validation + GDPR requests flow; Finalize SOPs: incident response + customer support; Regression test before release candidates,Daily update + PR(s) or artifact(s) linked in Command Report
79,2026-04-04,Hardening,"Ops/QA/Marketing + overflow dev support (took over Isha assignments). Owns testing, content ops, marketing deliverables; assists Smit when overloaded.",Security & privacy checklist validation; Load testing (basic) + report issues; Data export/import validation + GDPR requests flow; Finalize SOPs: incident response + customer support; Regression test before release candidates,Daily update + PR(s) or artifact(s) linked in Command Report
80,2026-04-05,Hardening,"Ops/QA/Marketing + overflow dev support (took over Isha assignments). Owns testing, content ops, marketing deliverables; assists Smit when overloaded.",Security & privacy checklist validation; Load testing (basic) + report issues; Data export/import validation + GDPR requests flow; Finalize SOPs: incident response + customer support; Regression test before release candidates,Milestone review package + sign-off checklist
81,2026-04-06,Launch,"Ops/QA/Marketing + overflow dev support (took over Isha assignments). Owns testing, content ops, marketing deliverables; assists Smit when overloaded.",Launch-day QA + comms monitoring; Author support playbook + escalation; Run first “hot books/authors” cycle + publish; Weekly growth report + next sprint proposals; Assist Smit with post-launch patches,Daily update + PR(s) or artifact(s) linked in Command Report
82,2026-04-07,Launch,"Ops/QA/Marketing + overflow dev support (took over Isha assignments). Owns testing, content ops, marketing deliverables; assists Smit when overloaded.",Launch-day QA + comms monitoring; Author support playbook + escalation; Run first “hot books/authors” cycle + publish; Weekly growth report + next sprint proposals; Assist Smit with post-launch patches,Daily update + PR(s) or artifact(s) linked in Command Report
83,2026-04-08,Launch,"Ops/QA/Marketing + overflow dev support (took over Isha assignments). Owns testing, content ops, marketing deliverables; assists Smit when overloaded.",Launch-day QA + comms monitoring; Author support playbook + escalation; Run first “hot books/authors” cycle + publish; Weekly growth report + next sprint proposals; Assist Smit with post-launch patches,Daily update + PR(s) or artifact(s) linked in Command Report
84,2026-04-09,Launch,"Ops/QA/Marketing + overflow dev support (took over Isha assignments). Owns testing, content ops, marketing deliverables; assists Smit when overloaded.",Launch-day QA + comms monitoring; Author support playbook + escalation; Run first “hot books/authors” cycle + publish; Weekly growth report + next sprint proposals; Assist Smit with post-launch patches,Weekly demo + merged PRs + updated changelog
85,2026-04-10,Launch,"Ops/QA/Marketing + overflow dev support (took over Isha assignments). Owns testing, content ops, marketing deliverables; assists Smit when overloaded.",Launch-day QA + comms monitoring; Author support playbook + escalation; Run first “hot books/authors” cycle + publish; Weekly growth report + next sprint proposals; Assist Smit with post-launch patches,Daily update + PR(s) or artifact(s) linked in Command Report
86,2026-04-11,Launch,"Ops/QA/Marketing + overflow dev support (took over Isha assignments). Owns testing, content ops, marketing deliverables; assists Smit when overloaded.",Launch-day QA + comms monitoring; Author support playbook + escalation; Run first “hot books/authors” cycle + publish; Weekly growth report + next sprint proposals; Assist Smit with post-launch patches,Daily update + PR(s) or artifact(s) linked in Command Report
87,2026-04-12,Launch,"Ops/QA/Marketing + overflow dev support (took over Isha assignments). Owns testing, content ops, marketing deliverables; assists Smit when overloaded.",Launch-day QA + comms monitoring; Author support playbook + escalation; Run first “hot books/authors” cycle + publish; Weekly growth report + next sprint proposals; Assist Smit with post-launch patches,Daily update + PR(s) or artifact(s) linked in Command Report
88,2026-04-13,Launch,"Ops/QA/Marketing + overflow dev support (took over Isha assignments). Owns testing, content ops, marketing deliverables; assists Smit when overloaded.",Launch-day QA + comms monitoring; Author support playbook + escalation; Run first “hot books/authors” cycle + publish; Weekly growth report + next sprint proposals; Assist Smit with post-launch patches,Daily update + PR(s) or artifact(s) linked in Command Report
89,2026-04-14,Launch,"Ops/QA/Marketing + overflow dev support (took over Isha assignments). Owns testing, content ops, marketing deliverables; assists Smit when overloaded.",Launch-day QA + comms monitoring; Author support playbook + escalation; Run first “hot books/authors” cycle + publish; Weekly growth report + next sprint proposals; Assist Smit with post-launch patches,Daily update + PR(s) or artifact(s) linked in Command Report
90,2026-04-15,Launch,"Ops/QA/Marketing + overflow dev support (took over Isha assignments). Owns testing, content ops, marketing deliverables; assists Smit when overloaded.",Launch-day QA + comms monitoring; Author support playbook + escalation; Run first “hot books/authors” cycle + publish; Weekly growth report + next sprint proposals; Assist Smit with post-launch patches,Milestone review package + sign-off checklist
